YEAR_MONTH,ODS_CODE,VMP_SNOMED_CODE,VMP_PRODUCT_NAME,VMP_UDFS_UNIT_OF_MEASURE_IDENTIFIER,VMP_UDFS_UNIT_OF_MEASURE_NAME,TOTAL_QUANTITY_IN_VMP_UDFS_UNIT_OF_MEASURE,VMP_UNIT_DOSE_UNIT_OF_MEASURE_NAME,TOTAL_QUANTITY_IN_VMP_UNIT_DOSE_UNIT_OF_MEASURE,INDICATIVE_COST
2026-01,R1A,42109611000001109,Paracetamol 500mg tablets,428673006,tablet,1000,tablet,1000,25.00
2026-02,R1A,42109611000001109,Paracetamol 500mg tablets,428673006,tablet,1050,tablet,1050,26.25
2026-03,R1A,42109611000001109,Paracetamol 500mg tablets,428673006,tablet,980,tablet,980,24.50
2026-04,R1A,42109611000001109,Paracetamol 500mg tablets,428673006,tablet,50000,tablet,50000,1250.00
2026-01,R2B,322236009,Example medicine 10mg tablets,428673006,tablet,250,tablet,250,40.00
2026-03,R2B,322236009,Example medicine 10mg tablets,428673006,tablet,-100,tablet,-100,-16.00
2026-03,R2B,322236009,Example medicine 10mg tablets,428673006,tablet,-100,tablet,-100,-16.00
2026-13,?,ABC,,428673006,tablet,not-a-number,tablet,,unknown

